Campaign,Ad group,Keyword,Criterion Type,Max CPC,Final URL
Lumifiesta - Búsqueda,Telaraña LED Halloween,telaraña led,Phrase,0.35,https://ypnmwd-as.myshopify.com/products/red-de-telarana-led-para-halloween-8-modos?utm_source=google&utm_medium=cpc&utm_campaign=lumifiesta_busqueda
Lumifiesta - Búsqueda,Telaraña LED Halloween,telaraña gigante halloween,Phrase,0.35,https://ypnmwd-as.myshopify.com/products/red-de-telarana-led-para-halloween-8-modos?utm_source=google&utm_medium=cpc&utm_campaign=lumifiesta_busqueda
Lumifiesta - Búsqueda,Telaraña LED Halloween,telaraña luminosa,Phrase,0.35,https://ypnmwd-as.myshopify.com/products/red-de-telarana-led-para-halloween-8-modos?utm_source=google&utm_medium=cpc&utm_campaign=lumifiesta_busqueda
Lumifiesta - Búsqueda,Telaraña LED Halloween,telaraña con luces,Phrase,0.35,https://ypnmwd-as.myshopify.com/products/red-de-telarana-led-para-halloween-8-modos?utm_source=google&utm_medium=cpc&utm_campaign=lumifiesta_busqueda
Lumifiesta - Búsqueda,Telaraña LED Halloween,telaraña led exterior,Phrase,0.35,https://ypnmwd-as.myshopify.com/products/red-de-telarana-led-para-halloween-8-modos?utm_source=google&utm_medium=cpc&utm_campaign=lumifiesta_busqueda
Lumifiesta - Búsqueda,Telaraña LED Halloween,decoracion halloween exterior,Phrase,0.35,https://ypnmwd-as.myshopify.com/products/red-de-telarana-led-para-halloween-8-modos?utm_source=google&utm_medium=cpc&utm_campaign=lumifiesta_busqueda
Lumifiesta - Búsqueda,Telaraña LED Halloween,decoracion halloween fachada,Phrase,0.35,https://ypnmwd-as.myshopify.com/products/red-de-telarana-led-para-halloween-8-modos?utm_source=google&utm_medium=cpc&utm_campaign=lumifiesta_busqueda
Lumifiesta - Búsqueda,Telaraña LED Halloween,luces halloween exterior,Phrase,0.35,https://ypnmwd-as.myshopify.com/products/red-de-telarana-led-para-halloween-8-modos?utm_source=google&utm_medium=cpc&utm_campaign=lumifiesta_busqueda
Lumifiesta - Búsqueda,Telaraña LED Halloween,telaraña gigante con araña,Phrase,0.35,https://ypnmwd-as.myshopify.com/products/red-de-telarana-led-para-halloween-8-modos?utm_source=google&utm_medium=cpc&utm_campaign=lumifiesta_busqueda
Lumifiesta - Búsqueda,Telaraña LED Halloween,decoracion halloween jardin,Phrase,0.35,https://ypnmwd-as.myshopify.com/products/red-de-telarana-led-para-halloween-8-modos?utm_source=google&utm_medium=cpc&utm_campaign=lumifiesta_busqueda
Lumifiesta - Búsqueda,Telaraña LED Halloween,telaraña halloween luces,Phrase,0.35,https://ypnmwd-as.myshopify.com/products/red-de-telarana-led-para-halloween-8-modos?utm_source=google&utm_medium=cpc&utm_campaign=lumifiesta_busqueda
Lumifiesta - Búsqueda,Telaraña LED Halloween,araña gigante halloween,Phrase,0.35,https://ypnmwd-as.myshopify.com/products/red-de-telarana-led-para-halloween-8-modos?utm_source=google&utm_medium=cpc&utm_campaign=lumifiesta_busqueda
Lumifiesta - Búsqueda,Telaraña LED Halloween,telaraña led,Exact,0.40,https://ypnmwd-as.myshopify.com/products/red-de-telarana-led-para-halloween-8-modos?utm_source=google&utm_medium=cpc&utm_campaign=lumifiesta_busqueda
Lumifiesta - Búsqueda,Telaraña LED Halloween,telaraña gigante halloween,Exact,0.40,https://ypnmwd-as.myshopify.com/products/red-de-telarana-led-para-halloween-8-modos?utm_source=google&utm_medium=cpc&utm_campaign=lumifiesta_busqueda
Lumifiesta - Búsqueda,Telaraña LED Halloween,telaraña luminosa halloween,Exact,0.40,https://ypnmwd-as.myshopify.com/products/red-de-telarana-led-para-halloween-8-modos?utm_source=google&utm_medium=cpc&utm_campaign=lumifiesta_busqueda
Lumifiesta - Búsqueda,Telaraña LED Halloween,telaraña con luces led,Exact,0.40,https://ypnmwd-as.myshopify.com/products/red-de-telarana-led-para-halloween-8-modos?utm_source=google&utm_medium=cpc&utm_campaign=lumifiesta_busqueda
Lumifiesta - Búsqueda,Luces Halloween,luces halloween,Phrase,0.25,https://ypnmwd-as.myshopify.com/products/luces-led-morado-y-naranja-para-halloween-5-m?utm_source=google&utm_medium=cpc&utm_campaign=lumifiesta_busqueda
Lumifiesta - Búsqueda,Luces Halloween,luces led halloween,Phrase,0.25,https://ypnmwd-as.myshopify.com/products/luces-led-morado-y-naranja-para-halloween-5-m?utm_source=google&utm_medium=cpc&utm_campaign=lumifiesta_busqueda
Lumifiesta - Búsqueda,Luces Halloween,guirnalda luces halloween,Phrase,0.25,https://ypnmwd-as.myshopify.com/products/luces-led-morado-y-naranja-para-halloween-5-m?utm_source=google&utm_medium=cpc&utm_campaign=lumifiesta_busqueda
Lumifiesta - Búsqueda,Luces Halloween,luces naranjas halloween,Phrase,0.25,https://ypnmwd-as.myshopify.com/products/luces-led-morado-y-naranja-para-halloween-5-m?utm_source=google&utm_medium=cpc&utm_campaign=lumifiesta_busqueda
Lumifiesta - Búsqueda,Luces Halloween,luces moradas halloween,Phrase,0.25,https://ypnmwd-as.myshopify.com/products/luces-led-morado-y-naranja-para-halloween-5-m?utm_source=google&utm_medium=cpc&utm_campaign=lumifiesta_busqueda
Lumifiesta - Búsqueda,Luces Halloween,tira led halloween,Phrase,0.25,https://ypnmwd-as.myshopify.com/products/luces-led-morado-y-naranja-para-halloween-5-m?utm_source=google&utm_medium=cpc&utm_campaign=lumifiesta_busqueda
Lumifiesta - Búsqueda,Luces Halloween,luces decorativas halloween,Phrase,0.25,https://ypnmwd-as.myshopify.com/products/luces-led-morado-y-naranja-para-halloween-5-m?utm_source=google&utm_medium=cpc&utm_campaign=lumifiesta_busqueda
Lumifiesta - Búsqueda,Luces Halloween,luces halloween pilas,Phrase,0.25,https://ypnmwd-as.myshopify.com/products/luces-led-morado-y-naranja-para-halloween-5-m?utm_source=google&utm_medium=cpc&utm_campaign=lumifiesta_busqueda
Lumifiesta - Búsqueda,Luces Halloween,luces halloween usb,Phrase,0.25,https://ypnmwd-as.myshopify.com/products/luces-led-morado-y-naranja-para-halloween-5-m?utm_source=google&utm_medium=cpc&utm_campaign=lumifiesta_busqueda
Lumifiesta - Búsqueda,Luces Halloween,decoracion halloween luces,Phrase,0.25,https://ypnmwd-as.myshopify.com/products/luces-led-morado-y-naranja-para-halloween-5-m?utm_source=google&utm_medium=cpc&utm_campaign=lumifiesta_busqueda
Lumifiesta - Búsqueda,Luces Halloween,luces halloween,Exact,0.30,https://ypnmwd-as.myshopify.com/products/luces-led-morado-y-naranja-para-halloween-5-m?utm_source=google&utm_medium=cpc&utm_campaign=lumifiesta_busqueda
Lumifiesta - Búsqueda,Luces Halloween,luces led halloween,Exact,0.30,https://ypnmwd-as.myshopify.com/products/luces-led-morado-y-naranja-para-halloween-5-m?utm_source=google&utm_medium=cpc&utm_campaign=lumifiesta_busqueda
Lumifiesta - Búsqueda,Luces Halloween,guirnalda luces halloween,Exact,0.30,https://ypnmwd-as.myshopify.com/products/luces-led-morado-y-naranja-para-halloween-5-m?utm_source=google&utm_medium=cpc&utm_campaign=lumifiesta_busqueda
Lumifiesta - Búsqueda,Guirnalda Calabazas,guirnalda calabazas,Phrase,0.20,https://ypnmwd-as.myshopify.com/products/guirnalda-led-de-calabazas-y-fantasmas-1-5-m?utm_source=google&utm_medium=cpc&utm_campaign=lumifiesta_busqueda
Lumifiesta - Búsqueda,Guirnalda Calabazas,luces calabaza,Phrase,0.20,https://ypnmwd-as.myshopify.com/products/guirnalda-led-de-calabazas-y-fantasmas-1-5-m?utm_source=google&utm_medium=cpc&utm_campaign=lumifiesta_busqueda
Lumifiesta - Búsqueda,Guirnalda Calabazas,guirnalda halloween,Phrase,0.20,https://ypnmwd-as.myshopify.com/products/guirnalda-led-de-calabazas-y-fantasmas-1-5-m?utm_source=google&utm_medium=cpc&utm_campaign=lumifiesta_busqueda
Lumifiesta - Búsqueda,Guirnalda Calabazas,guirnalda fantasmas,Phrase,0.20,https://ypnmwd-as.myshopify.com/products/guirnalda-led-de-calabazas-y-fantasmas-1-5-m?utm_source=google&utm_medium=cpc&utm_campaign=lumifiesta_busqueda
Lumifiesta - Búsqueda,Guirnalda Calabazas,luces calabazas halloween,Phrase,0.20,https://ypnmwd-as.myshopify.com/products/guirnalda-led-de-calabazas-y-fantasmas-1-5-m?utm_source=google&utm_medium=cpc&utm_campaign=lumifiesta_busqueda
Lumifiesta - Búsqueda,Guirnalda Calabazas,calabazas led,Phrase,0.20,https://ypnmwd-as.myshopify.com/products/guirnalda-led-de-calabazas-y-fantasmas-1-5-m?utm_source=google&utm_medium=cpc&utm_campaign=lumifiesta_busqueda
Lumifiesta - Búsqueda,Guirnalda Calabazas,guirnalda led halloween,Phrase,0.20,https://ypnmwd-as.myshopify.com/products/guirnalda-led-de-calabazas-y-fantasmas-1-5-m?utm_source=google&utm_medium=cpc&utm_campaign=lumifiesta_busqueda
Lumifiesta - Búsqueda,Guirnalda Calabazas,decoracion halloween interior,Phrase,0.20,https://ypnmwd-as.myshopify.com/products/guirnalda-led-de-calabazas-y-fantasmas-1-5-m?utm_source=google&utm_medium=cpc&utm_campaign=lumifiesta_busqueda
Lumifiesta - Búsqueda,Guirnalda Calabazas,decoracion halloween casa,Phrase,0.20,https://ypnmwd-as.myshopify.com/products/guirnalda-led-de-calabazas-y-fantasmas-1-5-m?utm_source=google&utm_medium=cpc&utm_campaign=lumifiesta_busqueda
Lumifiesta - Búsqueda,Guirnalda Calabazas,adornos halloween luces,Phrase,0.20,https://ypnmwd-as.myshopify.com/products/guirnalda-led-de-calabazas-y-fantasmas-1-5-m?utm_source=google&utm_medium=cpc&utm_campaign=lumifiesta_busqueda
Lumifiesta - Búsqueda,Guirnalda Calabazas,guirnalda calabazas,Exact,0.25,https://ypnmwd-as.myshopify.com/products/guirnalda-led-de-calabazas-y-fantasmas-1-5-m?utm_source=google&utm_medium=cpc&utm_campaign=lumifiesta_busqueda
Lumifiesta - Búsqueda,Guirnalda Calabazas,luces calabaza halloween,Exact,0.25,https://ypnmwd-as.myshopify.com/products/guirnalda-led-de-calabazas-y-fantasmas-1-5-m?utm_source=google&utm_medium=cpc&utm_campaign=lumifiesta_busqueda
Lumifiesta - Búsqueda,Guirnalda Calabazas,guirnalda halloween,Exact,0.25,https://ypnmwd-as.myshopify.com/products/guirnalda-led-de-calabazas-y-fantasmas-1-5-m?utm_source=google&utm_medium=cpc&utm_campaign=lumifiesta_busqueda
Lumifiesta - Búsqueda,Proyector Mágico 2 en 1,proyector halloween,Phrase,0.30,https://ypnmwd-as.myshopify.com/products/lampara-proyectora-de-luna-usb-halloween-y-navidad?utm_source=google&utm_medium=cpc&utm_campaign=lumifiesta_busqueda
Lumifiesta - Búsqueda,Proyector Mágico 2 en 1,proyector navidad,Phrase,0.30,https://ypnmwd-as.myshopify.com/products/lampara-proyectora-de-luna-usb-halloween-y-navidad?utm_source=google&utm_medium=cpc&utm_campaign=lumifiesta_busqueda
Lumifiesta - Búsqueda,Proyector Mágico 2 en 1,proyector luces navidad,Phrase,0.30,https://ypnmwd-as.myshopify.com/products/lampara-proyectora-de-luna-usb-halloween-y-navidad?utm_source=google&utm_medium=cpc&utm_campaign=lumifiesta_busqueda
Lumifiesta - Búsqueda,Proyector Mágico 2 en 1,proyector de luz decorativo,Phrase,0.30,https://ypnmwd-as.myshopify.com/products/lampara-proyectora-de-luna-usb-halloween-y-navidad?utm_source=google&utm_medium=cpc&utm_campaign=lumifiesta_busqueda
Lumifiesta - Búsqueda,Proyector Mágico 2 en 1,lampara proyector,Phrase,0.30,https://ypnmwd-as.myshopify.com/products/lampara-proyectora-de-luna-usb-halloween-y-navidad?utm_source=google&utm_medium=cpc&utm_campaign=lumifiesta_busqueda
Lumifiesta - Búsqueda,Proyector Mágico 2 en 1,proyector led pared,Phrase,0.30,https://ypnmwd-as.myshopify.com/products/lampara-proyectora-de-luna-usb-halloween-y-navidad?utm_source=google&utm_medium=cpc&utm_campaign=lumifiesta_busqueda
Lumifiesta - Búsqueda,Proyector Mágico 2 en 1,proyector halloween navidad,Phrase,0.30,https://ypnmwd-as.myshopify.com/products/lampara-proyectora-de-luna-usb-halloween-y-navidad?utm_source=google&utm_medium=cpc&utm_campaign=lumifiesta_busqueda
Lumifiesta - Búsqueda,Proyector Mágico 2 en 1,proyector imagenes pared,Phrase,0.30,https://ypnmwd-as.myshopify.com/products/lampara-proyectora-de-luna-usb-halloween-y-navidad?utm_source=google&utm_medium=cpc&utm_campaign=lumifiesta_busqueda
Lumifiesta - Búsqueda,Proyector Mágico 2 en 1,luz proyector habitacion,Phrase,0.30,https://ypnmwd-as.myshopify.com/products/lampara-proyectora-de-luna-usb-halloween-y-navidad?utm_source=google&utm_medium=cpc&utm_campaign=lumifiesta_busqueda
Lumifiesta - Búsqueda,Proyector Mágico 2 en 1,proyector decoracion,Phrase,0.30,https://ypnmwd-as.myshopify.com/products/lampara-proyectora-de-luna-usb-halloween-y-navidad?utm_source=google&utm_medium=cpc&utm_campaign=lumifiesta_busqueda
Lumifiesta - Búsqueda,Proyector Mágico 2 en 1,proyector halloween,Exact,0.35,https://ypnmwd-as.myshopify.com/products/lampara-proyectora-de-luna-usb-halloween-y-navidad?utm_source=google&utm_medium=cpc&utm_campaign=lumifiesta_busqueda
Lumifiesta - Búsqueda,Proyector Mágico 2 en 1,proyector navidad,Exact,0.35,https://ypnmwd-as.myshopify.com/products/lampara-proyectora-de-luna-usb-halloween-y-navidad?utm_source=google&utm_medium=cpc&utm_campaign=lumifiesta_busqueda
Lumifiesta - Búsqueda,Proyector Mágico 2 en 1,proyector luces navidad,Exact,0.35,https://ypnmwd-as.myshopify.com/products/lampara-proyectora-de-luna-usb-halloween-y-navidad?utm_source=google&utm_medium=cpc&utm_campaign=lumifiesta_busqueda
Lumifiesta - Búsqueda,Proyector Nevada,proyector copos de nieve,Phrase,0.30,https://ypnmwd-as.myshopify.com/products/proyector-de-copos-de-nieve-led-giratorio-para-navidad?utm_source=google&utm_medium=cpc&utm_campaign=lumifiesta_busqueda
Lumifiesta - Búsqueda,Proyector Nevada,proyector nieve,Phrase,0.30,https://ypnmwd-as.myshopify.com/products/proyector-de-copos-de-nieve-led-giratorio-para-navidad?utm_source=google&utm_medium=cpc&utm_campaign=lumifiesta_busqueda
Lumifiesta - Búsqueda,Proyector Nevada,proyector navidad exterior,Phrase,0.30,https://ypnmwd-as.myshopify.com/products/proyector-de-copos-de-nieve-led-giratorio-para-navidad?utm_source=google&utm_medium=cpc&utm_campaign=lumifiesta_busqueda
Lumifiesta - Búsqueda,Proyector Nevada,proyector luces navidad exterior,Phrase,0.30,https://ypnmwd-as.myshopify.com/products/proyector-de-copos-de-nieve-led-giratorio-para-navidad?utm_source=google&utm_medium=cpc&utm_campaign=lumifiesta_busqueda
Lumifiesta - Búsqueda,Proyector Nevada,proyector led navidad,Phrase,0.30,https://ypnmwd-as.myshopify.com/products/proyector-de-copos-de-nieve-led-giratorio-para-navidad?utm_source=google&utm_medium=cpc&utm_campaign=lumifiesta_busqueda
Lumifiesta - Búsqueda,Proyector Nevada,proyector navidad fachada,Phrase,0.30,https://ypnmwd-as.myshopify.com/products/proyector-de-copos-de-nieve-led-giratorio-para-navidad?utm_source=google&utm_medium=cpc&utm_campaign=lumifiesta_busqueda
Lumifiesta - Búsqueda,Proyector Nevada,proyector copos navidad,Phrase,0.30,https://ypnmwd-as.myshopify.com/products/proyector-de-copos-de-nieve-led-giratorio-para-navidad?utm_source=google&utm_medium=cpc&utm_campaign=lumifiesta_busqueda
Lumifiesta - Búsqueda,Proyector Nevada,luces navidad proyector,Phrase,0.30,https://ypnmwd-as.myshopify.com/products/proyector-de-copos-de-nieve-led-giratorio-para-navidad?utm_source=google&utm_medium=cpc&utm_campaign=lumifiesta_busqueda
Lumifiesta - Búsqueda,Proyector Nevada,proyector nevada,Phrase,0.30,https://ypnmwd-as.myshopify.com/products/proyector-de-copos-de-nieve-led-giratorio-para-navidad?utm_source=google&utm_medium=cpc&utm_campaign=lumifiesta_busqueda
Lumifiesta - Búsqueda,Proyector Nevada,decoracion navidad exterior,Phrase,0.30,https://ypnmwd-as.myshopify.com/products/proyector-de-copos-de-nieve-led-giratorio-para-navidad?utm_source=google&utm_medium=cpc&utm_campaign=lumifiesta_busqueda
Lumifiesta - Búsqueda,Proyector Nevada,proyector copos de nieve,Exact,0.35,https://ypnmwd-as.myshopify.com/products/proyector-de-copos-de-nieve-led-giratorio-para-navidad?utm_source=google&utm_medium=cpc&utm_campaign=lumifiesta_busqueda
Lumifiesta - Búsqueda,Proyector Nevada,proyector navidad exterior,Exact,0.35,https://ypnmwd-as.myshopify.com/products/proyector-de-copos-de-nieve-led-giratorio-para-navidad?utm_source=google&utm_medium=cpc&utm_campaign=lumifiesta_busqueda
Lumifiesta - Búsqueda,Proyector Nevada,proyector nieve navidad,Exact,0.35,https://ypnmwd-as.myshopify.com/products/proyector-de-copos-de-nieve-led-giratorio-para-navidad?utm_source=google&utm_medium=cpc&utm_campaign=lumifiesta_busqueda
Lumifiesta - Búsqueda,Ramas Nórdicas LED,ramas con luces,Phrase,0.25,https://ypnmwd-as.myshopify.com/products/ramas-de-abedul-blanco-con-20-luces-led?utm_source=google&utm_medium=cpc&utm_campaign=lumifiesta_busqueda
Lumifiesta - Búsqueda,Ramas Nórdicas LED,ramas led,Phrase,0.25,https://ypnmwd-as.myshopify.com/products/ramas-de-abedul-blanco-con-20-luces-led?utm_source=google&utm_medium=cpc&utm_campaign=lumifiesta_busqueda
Lumifiesta - Búsqueda,Ramas Nórdicas LED,ramas abedul luces,Phrase,0.25,https://ypnmwd-as.myshopify.com/products/ramas-de-abedul-blanco-con-20-luces-led?utm_source=google&utm_medium=cpc&utm_campaign=lumifiesta_busqueda
Lumifiesta - Búsqueda,Ramas Nórdicas LED,ramas decorativas luz,Phrase,0.25,https://ypnmwd-as.myshopify.com/products/ramas-de-abedul-blanco-con-20-luces-led?utm_source=google&utm_medium=cpc&utm_campaign=lumifiesta_busqueda
Lumifiesta - Búsqueda,Ramas Nórdicas LED,ramas luminosas,Phrase,0.25,https://ypnmwd-as.myshopify.com/products/ramas-de-abedul-blanco-con-20-luces-led?utm_source=google&utm_medium=cpc&utm_campaign=lumifiesta_busqueda
Lumifiesta - Búsqueda,Ramas Nórdicas LED,arbol de ramas con luces,Phrase,0.25,https://ypnmwd-as.myshopify.com/products/ramas-de-abedul-blanco-con-20-luces-led?utm_source=google&utm_medium=cpc&utm_campaign=lumifiesta_busqueda
Lumifiesta - Búsqueda,Ramas Nórdicas LED,ramas blancas luces led,Phrase,0.25,https://ypnmwd-as.myshopify.com/products/ramas-de-abedul-blanco-con-20-luces-led?utm_source=google&utm_medium=cpc&utm_campaign=lumifiesta_busqueda
Lumifiesta - Búsqueda,Ramas Nórdicas LED,decoracion nordica navidad,Phrase,0.25,https://ypnmwd-as.myshopify.com/products/ramas-de-abedul-blanco-con-20-luces-led?utm_source=google&utm_medium=cpc&utm_campaign=lumifiesta_busqueda
Lumifiesta - Búsqueda,Ramas Nórdicas LED,ramas led navidad,Phrase,0.25,https://ypnmwd-as.myshopify.com/products/ramas-de-abedul-blanco-con-20-luces-led?utm_source=google&utm_medium=cpc&utm_campaign=lumifiesta_busqueda
Lumifiesta - Búsqueda,Ramas Nórdicas LED,ramas iluminadas,Phrase,0.25,https://ypnmwd-as.myshopify.com/products/ramas-de-abedul-blanco-con-20-luces-led?utm_source=google&utm_medium=cpc&utm_campaign=lumifiesta_busqueda
Lumifiesta - Búsqueda,Ramas Nórdicas LED,ramas con luces,Exact,0.30,https://ypnmwd-as.myshopify.com/products/ramas-de-abedul-blanco-con-20-luces-led?utm_source=google&utm_medium=cpc&utm_campaign=lumifiesta_busqueda
Lumifiesta - Búsqueda,Ramas Nórdicas LED,ramas led,Exact,0.30,https://ypnmwd-as.myshopify.com/products/ramas-de-abedul-blanco-con-20-luces-led?utm_source=google&utm_medium=cpc&utm_campaign=lumifiesta_busqueda
Lumifiesta - Búsqueda,Ramas Nórdicas LED,ramas luminosas,Exact,0.30,https://ypnmwd-as.myshopify.com/products/ramas-de-abedul-blanco-con-20-luces-led?utm_source=google&utm_medium=cpc&utm_campaign=lumifiesta_busqueda
Lumifiesta - Búsqueda,Guirnalda Bolas de Nieve,guirnalda navidad,Phrase,0.20,https://ypnmwd-as.myshopify.com/products/guirnalda-de-bolas-de-nieve-y-papa-noel-con-10-led?utm_source=google&utm_medium=cpc&utm_campaign=lumifiesta_busqueda
Lumifiesta - Búsqueda,Guirnalda Bolas de Nieve,guirnalda luces navidad,Phrase,0.20,https://ypnmwd-as.myshopify.com/products/guirnalda-de-bolas-de-nieve-y-papa-noel-con-10-led?utm_source=google&utm_medium=cpc&utm_campaign=lumifiesta_busqueda
Lumifiesta - Búsqueda,Guirnalda Bolas de Nieve,guirnalda papa noel,Phrase,0.20,https://ypnmwd-as.myshopify.com/products/guirnalda-de-bolas-de-nieve-y-papa-noel-con-10-led?utm_source=google&utm_medium=cpc&utm_campaign=lumifiesta_busqueda
Lumifiesta - Búsqueda,Guirnalda Bolas de Nieve,bolas de nieve luces,Phrase,0.20,https://ypnmwd-as.myshopify.com/products/guirnalda-de-bolas-de-nieve-y-papa-noel-con-10-led?utm_source=google&utm_medium=cpc&utm_campaign=lumifiesta_busqueda
Lumifiesta - Búsqueda,Guirnalda Bolas de Nieve,guirnalda led navidad,Phrase,0.20,https://ypnmwd-as.myshopify.com/products/guirnalda-de-bolas-de-nieve-y-papa-noel-con-10-led?utm_source=google&utm_medium=cpc&utm_campaign=lumifiesta_busqueda
Lumifiesta - Búsqueda,Guirnalda Bolas de Nieve,luces navidad interior,Phrase,0.20,https://ypnmwd-as.myshopify.com/products/guirnalda-de-bolas-de-nieve-y-papa-noel-con-10-led?utm_source=google&utm_medium=cpc&utm_campaign=lumifiesta_busqueda
Lumifiesta - Búsqueda,Guirnalda Bolas de Nieve,adornos navidad luces,Phrase,0.20,https://ypnmwd-as.myshopify.com/products/guirnalda-de-bolas-de-nieve-y-papa-noel-con-10-led?utm_source=google&utm_medium=cpc&utm_campaign=lumifiesta_busqueda
Lumifiesta - Búsqueda,Guirnalda Bolas de Nieve,decoracion navidad ventana,Phrase,0.20,https://ypnmwd-as.myshopify.com/products/guirnalda-de-bolas-de-nieve-y-papa-noel-con-10-led?utm_source=google&utm_medium=cpc&utm_campaign=lumifiesta_busqueda
Lumifiesta - Búsqueda,Guirnalda Bolas de Nieve,guirnalda navideña,Phrase,0.20,https://ypnmwd-as.myshopify.com/products/guirnalda-de-bolas-de-nieve-y-papa-noel-con-10-led?utm_source=google&utm_medium=cpc&utm_campaign=lumifiesta_busqueda
Lumifiesta - Búsqueda,Guirnalda Bolas de Nieve,luces navidad pilas,Phrase,0.20,https://ypnmwd-as.myshopify.com/products/guirnalda-de-bolas-de-nieve-y-papa-noel-con-10-led?utm_source=google&utm_medium=cpc&utm_campaign=lumifiesta_busqueda
Lumifiesta - Búsqueda,Guirnalda Bolas de Nieve,guirnalda navidad,Exact,0.25,https://ypnmwd-as.myshopify.com/products/guirnalda-de-bolas-de-nieve-y-papa-noel-con-10-led?utm_source=google&utm_medium=cpc&utm_campaign=lumifiesta_busqueda
Lumifiesta - Búsqueda,Guirnalda Bolas de Nieve,guirnalda luces navidad,Exact,0.25,https://ypnmwd-as.myshopify.com/products/guirnalda-de-bolas-de-nieve-y-papa-noel-con-10-led?utm_source=google&utm_medium=cpc&utm_campaign=lumifiesta_busqueda
Lumifiesta - Búsqueda,Guirnalda Bolas de Nieve,guirnalda papa noel,Exact,0.25,https://ypnmwd-as.myshopify.com/products/guirnalda-de-bolas-de-nieve-y-papa-noel-con-10-led?utm_source=google&utm_medium=cpc&utm_campaign=lumifiesta_busqueda
Lumifiesta - Búsqueda,Cinta Árbol de Navidad,cinta luces arbol navidad,Phrase,0.25,https://ypnmwd-as.myshopify.com/products/cinta-de-luces-led-para-arbol-de-navidad?utm_source=google&utm_medium=cpc&utm_campaign=lumifiesta_busqueda
Lumifiesta - Búsqueda,Cinta Árbol de Navidad,cinta led arbol,Phrase,0.25,https://ypnmwd-as.myshopify.com/products/cinta-de-luces-led-para-arbol-de-navidad?utm_source=google&utm_medium=cpc&utm_campaign=lumifiesta_busqueda
Lumifiesta - Búsqueda,Cinta Árbol de Navidad,luces arbol de navidad,Phrase,0.25,https://ypnmwd-as.myshopify.com/products/cinta-de-luces-led-para-arbol-de-navidad?utm_source=google&utm_medium=cpc&utm_campaign=lumifiesta_busqueda
Lumifiesta - Búsqueda,Cinta Árbol de Navidad,cinta luminosa navidad,Phrase,0.25,https://ypnmwd-as.myshopify.com/products/cinta-de-luces-led-para-arbol-de-navidad?utm_source=google&utm_medium=cpc&utm_campaign=lumifiesta_busqueda
Lumifiesta - Búsqueda,Cinta Árbol de Navidad,decoracion arbol navidad,Phrase,0.25,https://ypnmwd-as.myshopify.com/products/cinta-de-luces-led-para-arbol-de-navidad?utm_source=google&utm_medium=cpc&utm_campaign=lumifiesta_busqueda
Lumifiesta - Búsqueda,Cinta Árbol de Navidad,luces para el arbol,Phrase,0.25,https://ypnmwd-as.myshopify.com/products/cinta-de-luces-led-para-arbol-de-navidad?utm_source=google&utm_medium=cpc&utm_campaign=lumifiesta_busqueda
Lumifiesta - Búsqueda,Cinta Árbol de Navidad,cinta decorativa arbol navidad,Phrase,0.25,https://ypnmwd-as.myshopify.com/products/cinta-de-luces-led-para-arbol-de-navidad?utm_source=google&utm_medium=cpc&utm_campaign=lumifiesta_busqueda
Lumifiesta - Búsqueda,Cinta Árbol de Navidad,adornos arbol navidad luces,Phrase,0.25,https://ypnmwd-as.myshopify.com/products/cinta-de-luces-led-para-arbol-de-navidad?utm_source=google&utm_medium=cpc&utm_campaign=lumifiesta_busqueda
Lumifiesta - Búsqueda,Cinta Árbol de Navidad,luces arbol navidad led,Phrase,0.25,https://ypnmwd-as.myshopify.com/products/cinta-de-luces-led-para-arbol-de-navidad?utm_source=google&utm_medium=cpc&utm_campaign=lumifiesta_busqueda
Lumifiesta - Búsqueda,Cinta Árbol de Navidad,cinta led navidad,Phrase,0.25,https://ypnmwd-as.myshopify.com/products/cinta-de-luces-led-para-arbol-de-navidad?utm_source=google&utm_medium=cpc&utm_campaign=lumifiesta_busqueda
Lumifiesta - Búsqueda,Cinta Árbol de Navidad,cinta luces arbol navidad,Exact,0.30,https://ypnmwd-as.myshopify.com/products/cinta-de-luces-led-para-arbol-de-navidad?utm_source=google&utm_medium=cpc&utm_campaign=lumifiesta_busqueda
Lumifiesta - Búsqueda,Cinta Árbol de Navidad,luces arbol de navidad,Exact,0.30,https://ypnmwd-as.myshopify.com/products/cinta-de-luces-led-para-arbol-de-navidad?utm_source=google&utm_medium=cpc&utm_campaign=lumifiesta_busqueda
Lumifiesta - Búsqueda,Cinta Árbol de Navidad,cinta led arbol navidad,Exact,0.30,https://ypnmwd-as.myshopify.com/products/cinta-de-luces-led-para-arbol-de-navidad?utm_source=google&utm_medium=cpc&utm_campaign=lumifiesta_busqueda
Lumifiesta - Búsqueda,Micro Luces Hada,luces de hada,Phrase,0.15,https://ypnmwd-as.myshopify.com/products/guirnalda-led-impermeable-para-navidad-1-m?utm_source=google&utm_medium=cpc&utm_campaign=lumifiesta_busqueda
Lumifiesta - Búsqueda,Micro Luces Hada,micro luces led,Phrase,0.15,https://ypnmwd-as.myshopify.com/products/guirnalda-led-impermeable-para-navidad-1-m?utm_source=google&utm_medium=cpc&utm_campaign=lumifiesta_busqueda
Lumifiesta - Búsqueda,Micro Luces Hada,luces hada pilas,Phrase,0.15,https://ypnmwd-as.myshopify.com/products/guirnalda-led-impermeable-para-navidad-1-m?utm_source=google&utm_medium=cpc&utm_campaign=lumifiesta_busqueda
Lumifiesta - Búsqueda,Micro Luces Hada,guirnalda luces pequeña,Phrase,0.15,https://ypnmwd-as.myshopify.com/products/guirnalda-led-impermeable-para-navidad-1-m?utm_source=google&utm_medium=cpc&utm_campaign=lumifiesta_busqueda
Lumifiesta - Búsqueda,Micro Luces Hada,luces led decorativas,Phrase,0.15,https://ypnmwd-as.myshopify.com/products/guirnalda-led-impermeable-para-navidad-1-m?utm_source=google&utm_medium=cpc&utm_campaign=lumifiesta_busqueda
Lumifiesta - Búsqueda,Micro Luces Hada,luces para frascos,Phrase,0.15,https://ypnmwd-as.myshopify.com/products/guirnalda-led-impermeable-para-navidad-1-m?utm_source=google&utm_medium=cpc&utm_campaign=lumifiesta_busqueda
Lumifiesta - Búsqueda,Micro Luces Hada,luces led alambre,Phrase,0.15,https://ypnmwd-as.myshopify.com/products/guirnalda-led-impermeable-para-navidad-1-m?utm_source=google&utm_medium=cpc&utm_campaign=lumifiesta_busqueda
Lumifiesta - Búsqueda,Micro Luces Hada,luces navidad pequeñas,Phrase,0.15,https://ypnmwd-as.myshopify.com/products/guirnalda-led-impermeable-para-navidad-1-m?utm_source=google&utm_medium=cpc&utm_campaign=lumifiesta_busqueda
Lumifiesta - Búsqueda,Micro Luces Hada,micro led,Phrase,0.15,https://ypnmwd-as.myshopify.com/products/guirnalda-led-impermeable-para-navidad-1-m?utm_source=google&utm_medium=cpc&utm_campaign=lumifiesta_busqueda
Lumifiesta - Búsqueda,Micro Luces Hada,luces de hadas navidad,Phrase,0.15,https://ypnmwd-as.myshopify.com/products/guirnalda-led-impermeable-para-navidad-1-m?utm_source=google&utm_medium=cpc&utm_campaign=lumifiesta_busqueda
Lumifiesta - Búsqueda,Micro Luces Hada,luces de hada,Exact,0.20,https://ypnmwd-as.myshopify.com/products/guirnalda-led-impermeable-para-navidad-1-m?utm_source=google&utm_medium=cpc&utm_campaign=lumifiesta_busqueda
Lumifiesta - Búsqueda,Micro Luces Hada,micro luces led,Exact,0.20,https://ypnmwd-as.myshopify.com/products/guirnalda-led-impermeable-para-navidad-1-m?utm_source=google&utm_medium=cpc&utm_campaign=lumifiesta_busqueda
Lumifiesta - Búsqueda,Micro Luces Hada,luces hada pilas,Exact,0.20,https://ypnmwd-as.myshopify.com/products/guirnalda-led-impermeable-para-navidad-1-m?utm_source=google&utm_medium=cpc&utm_campaign=lumifiesta_busqueda
Lumifiesta - Búsqueda,Guirnalda Otoño,guirnalda otoño,Phrase,0.15,https://ypnmwd-as.myshopify.com/products/guirnalda-de-luces-led-con-hojas-de-arce-2-m?utm_source=google&utm_medium=cpc&utm_campaign=lumifiesta_busqueda
Lumifiesta - Búsqueda,Guirnalda Otoño,guirnalda hojas,Phrase,0.15,https://ypnmwd-as.myshopify.com/products/guirnalda-de-luces-led-con-hojas-de-arce-2-m?utm_source=google&utm_medium=cpc&utm_campaign=lumifiesta_busqueda
Lumifiesta - Búsqueda,Guirnalda Otoño,luces hojas otoño,Phrase,0.15,https://ypnmwd-as.myshopify.com/products/guirnalda-de-luces-led-con-hojas-de-arce-2-m?utm_source=google&utm_medium=cpc&utm_campaign=lumifiesta_busqueda
Lumifiesta - Búsqueda,Guirnalda Otoño,guirnalda hojas de arce,Phrase,0.15,https://ypnmwd-as.myshopify.com/products/guirnalda-de-luces-led-con-hojas-de-arce-2-m?utm_source=google&utm_medium=cpc&utm_campaign=lumifiesta_busqueda
Lumifiesta - Búsqueda,Guirnalda Otoño,decoracion otoño,Phrase,0.15,https://ypnmwd-as.myshopify.com/products/guirnalda-de-luces-led-con-hojas-de-arce-2-m?utm_source=google&utm_medium=cpc&utm_campaign=lumifiesta_busqueda
Lumifiesta - Búsqueda,Guirnalda Otoño,decoracion otoñal,Phrase,0.15,https://ypnmwd-as.myshopify.com/products/guirnalda-de-luces-led-con-hojas-de-arce-2-m?utm_source=google&utm_medium=cpc&utm_campaign=lumifiesta_busqueda
Lumifiesta - Búsqueda,Guirnalda Otoño,guirnalda led hojas,Phrase,0.15,https://ypnmwd-as.myshopify.com/products/guirnalda-de-luces-led-con-hojas-de-arce-2-m?utm_source=google&utm_medium=cpc&utm_campaign=lumifiesta_busqueda
Lumifiesta - Búsqueda,Guirnalda Otoño,luces otoño,Phrase,0.15,https://ypnmwd-as.myshopify.com/products/guirnalda-de-luces-led-con-hojas-de-arce-2-m?utm_source=google&utm_medium=cpc&utm_campaign=lumifiesta_busqueda
Lumifiesta - Búsqueda,Guirnalda Otoño,decoracion otoño casa,Phrase,0.15,https://ypnmwd-as.myshopify.com/products/guirnalda-de-luces-led-con-hojas-de-arce-2-m?utm_source=google&utm_medium=cpc&utm_campaign=lumifiesta_busqueda
Lumifiesta - Búsqueda,Guirnalda Otoño,guirnalda otoñal,Phrase,0.15,https://ypnmwd-as.myshopify.com/products/guirnalda-de-luces-led-con-hojas-de-arce-2-m?utm_source=google&utm_medium=cpc&utm_campaign=lumifiesta_busqueda
Lumifiesta - Búsqueda,Guirnalda Otoño,guirnalda otoño,Exact,0.20,https://ypnmwd-as.myshopify.com/products/guirnalda-de-luces-led-con-hojas-de-arce-2-m?utm_source=google&utm_medium=cpc&utm_campaign=lumifiesta_busqueda
Lumifiesta - Búsqueda,Guirnalda Otoño,guirnalda hojas de arce,Exact,0.20,https://ypnmwd-as.myshopify.com/products/guirnalda-de-luces-led-con-hojas-de-arce-2-m?utm_source=google&utm_medium=cpc&utm_campaign=lumifiesta_busqueda
Lumifiesta - Búsqueda,Guirnalda Otoño,decoracion otoño,Exact,0.20,https://ypnmwd-as.myshopify.com/products/guirnalda-de-luces-led-con-hojas-de-arce-2-m?utm_source=google&utm_medium=cpc&utm_campaign=lumifiesta_busqueda
