Campaign,Ad group,Ad type,Final URL,Path 1,Path 2,Headline 1,Headline 2,Headline 3,Headline 4,Headline 5,Headline 6,Headline 7,Headline 8,Headline 9,Headline 10,Headline 11,Headline 12,Headline 13,Headline 14,Headline 15,Description 1,Description 2,Description 3,Description 4
Lumifiesta - Búsqueda,Telaraña LED Halloween,Responsive search ad,https://ypnmwd-as.myshopify.com/products/red-de-telarana-led-para-halloween-8-modos?utm_source=google&utm_medium=cpc&utm_campaign=lumifiesta_busqueda,Halloween,Telarana,Telaraña Gigante LED,Con Araña Gigante Incluida,250 LED Morado y Naranja,8 Modos de Luz,Apta para Exterior,Decora tu Fachada,Halloween en tu Casa,"Solo 25,90 €",Envío Gratis desde 25 €,Pedido con Seguimiento,Devolución en 14 Días,Entrega en 8-15 Días,Se Cuelga en Minutos,Lumifiesta,Garantía de 3 Años,"Telaraña gigante con 250 luces LED y araña incluida. Impermeable, para puerta o fachada.",Entrega en 8-15 días laborables con seguimiento. Envío gratis desde 25 €.,Pedido con seguimiento por email y devolución en 14 días.,Precio por unidad más bajo llevando 2 o 3. Pago seguro y garantía de 3 años.
Lumifiesta - Búsqueda,Luces Halloween,Responsive search ad,https://ypnmwd-as.myshopify.com/products/luces-led-morado-y-naranja-para-halloween-5-m?utm_source=google&utm_medium=cpc&utm_campaign=lumifiesta_busqueda,Halloween,Luces,Luces LED de Halloween,Morado y Naranja · 5 m,"Solo 11,90 €",Decoración de Halloween,Para Dentro y Fuera,Ambiente Noche de Brujas,Envío Gratis desde 25 €,Pedido con Seguimiento,Devolución en 14 Días,Lumifiesta,Fáciles de Poner,Mejor Precio Llevando 3,,,,Guirnalda de 5 m en morado y naranja para crear ambiente de Halloween en minutos.,Pedido con seguimiento por email. Envío gratis desde 25 €.,Precio por unidad más bajo llevando 2 o 3. Pago seguro y garantía de 3 años.,Entrega en 8-15 días laborables con seguimiento. Devolución en 14 días.
Lumifiesta - Búsqueda,Guirnalda Calabazas,Responsive search ad,https://ypnmwd-as.myshopify.com/products/guirnalda-led-de-calabazas-y-fantasmas-1-5-m?utm_source=google&utm_medium=cpc&utm_campaign=lumifiesta_busqueda,Halloween,Calabazas,Guirnalda Calabazas LED,Calabazas y Fantasmas,"Solo 9,90 €",Decoración de Halloween,Ideal para Interior,Envío Gratis desde 25 €,Pedido con Seguimiento,Devolución en 14 Días,Lumifiesta,Mejor Precio Llevando 3,Regalo Original,,,,,"Guirnalda LED de calabazas y fantasmas de 1,5 m para ventanas, estanterías o mesas.",Pedido con seguimiento por email. Envío gratis desde 25 €.,Precio por unidad más bajo llevando 2 o 3. Pago seguro y garantía de 3 años.,Decoración de Halloween que se pone en minutos. Devolución en 14 días.
Lumifiesta - Búsqueda,Proyector Mágico 2 en 1,Responsive search ad,https://ypnmwd-as.myshopify.com/products/lampara-proyectora-de-luna-usb-halloween-y-navidad?utm_source=google&utm_medium=cpc&utm_campaign=lumifiesta_busqueda,Proyector,Navidad,Proyector Mágico 2 en 1,Halloween y Navidad,"Solo 14,90 €",Proyecta en la Pared,Funciona por USB,Decoración para Todo el Año,Envío Gratis desde 25 €,Devolución en 14 Días,Lumifiesta,Mejor Precio Llevando 3,Regalo Original,Garantía de 3 Años,,,,Proyector LED para Halloween y Navidad: decora cualquier pared con un solo aparato.,Funciona por USB y se pone en un minuto. Envío gratis desde 25 €.,Precio por unidad más bajo llevando 2 o 3. Pago seguro y garantía de 3 años.,Devolución en 14 días y garantía legal de 3 años. Compra segura en Lumifiesta.
Lumifiesta - Búsqueda,Proyector Nevada,Responsive search ad,https://ypnmwd-as.myshopify.com/products/proyector-de-copos-de-nieve-led-giratorio-para-navidad?utm_source=google&utm_medium=cpc&utm_campaign=lumifiesta_busqueda,Navidad,Proyector,Proyector de Nieve LED,Copos que Giran,Para Fachada y Jardín,"Solo 19,90 €",Nevada en tu Casa,Decoración de Navidad,Envío Gratis desde 25 €,Devolución en 14 Días,Lumifiesta,Mejor Precio Llevando 3,Garantía de 3 Años,Pídelo antes del 3/12,,,,Proyector LED de copos de nieve giratorios. Convierte tu fachada en una nevada.,"Para recibirlo antes de Navidad, pídelo antes del 3 de diciembre. Envío gratis desde 25 €.",Precio por unidad más bajo llevando 2 o 3. Pago seguro y garantía de 3 años.,Devolución en 14 días y garantía legal de 3 años. Compra segura en Lumifiesta.
Lumifiesta - Búsqueda,Ramas Nórdicas LED,Responsive search ad,https://ypnmwd-as.myshopify.com/products/ramas-de-abedul-blanco-con-20-luces-led?utm_source=google&utm_medium=cpc&utm_campaign=lumifiesta_busqueda,Navidad,Ramas,Ramas Nórdicas Luminosas,Abedul Blanco con 20 LED,"Solo 15,90 €",Estilo Nórdico,Luz Cálida para tu Salón,Envío Gratis desde 25 €,Devolución en 14 Días,Lumifiesta,Mejor Precio Llevando 3,Decoración Todo el Año,Garantía de 3 Años,,,,,Ramas de abedul blanco con 20 LED de luz cálida. Decoración nórdica para todo el año.,Pon luz en tu salón en un minuto. Envío gratis desde 25 €.,Precio por unidad más bajo llevando 2 o 3. Pago seguro y garantía de 3 años.,Devolución en 14 días y garantía legal de 3 años. Compra segura en Lumifiesta.
Lumifiesta - Búsqueda,Guirnalda Bolas de Nieve,Responsive search ad,https://ypnmwd-as.myshopify.com/products/guirnalda-de-bolas-de-nieve-y-papa-noel-con-10-led?utm_source=google&utm_medium=cpc&utm_campaign=lumifiesta_busqueda,Navidad,Guirnalda,Guirnalda Bolas de Nieve,Con Papá Noel y 10 LED,"Solo 17,90 €",Decoración de Navidad,Ideal para Ventanas,Envío Gratis desde 25 €,Devolución en 14 Días,Lumifiesta,Mejor Precio Llevando 3,Regalo de Navidad,Pídela antes del 3/12,,,,,Guirnalda de bolas de nieve con Papá Noel y 10 LED. Magia navideña en cualquier rincón.,"Para recibirla antes de Navidad, pídela antes del 3 de diciembre. Envío gratis desde 25 €.",Precio por unidad más bajo llevando 2 o 3. Pago seguro y garantía de 3 años.,Devolución en 14 días y garantía legal de 3 años. Compra segura en Lumifiesta.
Lumifiesta - Búsqueda,Cinta Árbol de Navidad,Responsive search ad,https://ypnmwd-as.myshopify.com/products/cinta-de-luces-led-para-arbol-de-navidad?utm_source=google&utm_medium=cpc&utm_campaign=lumifiesta_busqueda,Navidad,Arbol,Cinta Mágica para el Árbol,Luces LED para tu Árbol,"Solo 12,90 €",Árbol de Navidad Brillante,Se Pone en Minutos,Envío Gratis desde 25 €,Devolución en 14 Días,Lumifiesta,Mejor Precio Llevando 3,Decoración de Navidad,Pídela antes del 3/12,,,,,"Cinta con luces LED para el árbol de Navidad: decora y da luz a la vez, en minutos.","Para recibirla antes de Navidad, pídela antes del 3 de diciembre. Envío gratis desde 25 €.",Precio por unidad más bajo llevando 2 o 3. Pago seguro y garantía de 3 años.,Devolución en 14 días y garantía legal de 3 años. Compra segura en Lumifiesta.
Lumifiesta - Búsqueda,Micro Luces Hada,Responsive search ad,https://ypnmwd-as.myshopify.com/products/guirnalda-led-impermeable-para-navidad-1-m?utm_source=google&utm_medium=cpc&utm_campaign=lumifiesta_busqueda,Luces,Hada,Micro Luces de Hada,"Solo 6,90 €",Luces LED Decorativas,Para Frascos y Centros,Resistentes al Agua,Envío Gratis desde 25 €,Devolución en 14 Días,Lumifiesta,Mejor Precio Llevando 3,Detalle Perfecto,Luz Cálida,,,,,"Micro luces LED de 1 m para frascos, centros de mesa, regalos y rincones especiales.","Detalle perfecto por solo 6,90 €. Envío gratis desde 25 €.",Precio por unidad más bajo llevando 2 o 3. Pago seguro y garantía de 3 años.,Devolución en 14 días y garantía legal de 3 años. Compra segura en Lumifiesta.
Lumifiesta - Búsqueda,Guirnalda Otoño,Responsive search ad,https://ypnmwd-as.myshopify.com/products/guirnalda-de-luces-led-con-hojas-de-arce-2-m?utm_source=google&utm_medium=cpc&utm_campaign=lumifiesta_busqueda,Otono,Guirnalda,Guirnalda de Otoño LED,Hojas de Arce · 2 m,"Solo 9,90 €",Decoración Otoñal,Luz Cálida,Envío Gratis desde 25 €,Devolución en 14 Días,Lumifiesta,Mejor Precio Llevando 3,Tu Casa en Otoño,Garantía de 3 Años,,,,,Guirnalda de 2 m con hojas de arce y luz cálida. Decoración otoñal para tu casa.,"Por solo 9,90 €. Envío gratis desde 25 €.",Precio por unidad más bajo llevando 2 o 3. Pago seguro y garantía de 3 años.,Devolución en 14 días y garantía legal de 3 años. Compra segura en Lumifiesta.
