Campaign,Keyword,Criterion Type
Lumifiesta - Búsqueda,gratis,Negative Phrase
Lumifiesta - Búsqueda,segunda mano,Negative Phrase
Lumifiesta - Búsqueda,wallapop,Negative Phrase
Lumifiesta - Búsqueda,milanuncios,Negative Phrase
Lumifiesta - Búsqueda,como hacer,Negative Phrase
Lumifiesta - Búsqueda,manualidades,Negative Phrase
Lumifiesta - Búsqueda,diy,Negative Phrase
Lumifiesta - Búsqueda,dibujo,Negative Phrase
Lumifiesta - Búsqueda,dibujos,Negative Phrase
Lumifiesta - Búsqueda,colorear,Negative Phrase
Lumifiesta - Búsqueda,pdf,Negative Phrase
Lumifiesta - Búsqueda,alquiler,Negative Phrase
Lumifiesta - Búsqueda,alquilar,Negative Phrase
Lumifiesta - Búsqueda,trabajo,Negative Phrase
Lumifiesta - Búsqueda,empleo,Negative Phrase
Lumifiesta - Búsqueda,curso,Negative Phrase
Lumifiesta - Búsqueda,tutorial,Negative Phrase
Lumifiesta - Búsqueda,imagenes,Negative Phrase
Lumifiesta - Búsqueda,fondos de pantalla,Negative Phrase
Lumifiesta - Búsqueda,disfraz,Negative Phrase
Lumifiesta - Búsqueda,disfraces,Negative Phrase
Lumifiesta - Búsqueda,maquillaje,Negative Phrase
Lumifiesta - Búsqueda,peliculas,Negative Phrase
Lumifiesta - Búsqueda,pelicula,Negative Phrase
Lumifiesta - Búsqueda,juego,Negative Phrase
Lumifiesta - Búsqueda,juegos,Negative Phrase
Lumifiesta - Búsqueda,amazon,Negative Phrase
Lumifiesta - Búsqueda,aliexpress,Negative Phrase
Lumifiesta - Búsqueda,temu,Negative Phrase
Lumifiesta - Búsqueda,shein,Negative Phrase
Lumifiesta - Búsqueda,ikea,Negative Phrase
Lumifiesta - Búsqueda,leroy merlin,Negative Phrase
Lumifiesta - Búsqueda,primark,Negative Phrase
Lumifiesta - Búsqueda,mayorista,Negative Phrase
Lumifiesta - Búsqueda,al por mayor,Negative Phrase
Lumifiesta - Búsqueda,reparar,Negative Phrase
Lumifiesta - Búsqueda,reparacion,Negative Phrase
Lumifiesta - Búsqueda,instrucciones,Negative Phrase
Lumifiesta - Búsqueda,manual,Negative Phrase
